{
  "config": "{\"version\":\"5.59\",\"themeCollection\":{\"baseTheme\":{\"name\":\"CY24SU10\",\"version\":\"5.60\",\"type\":2},\"customTheme\":{\"name\":\"Accessible_Orchid7929922611562745.json\",\"version\":\"5.60\",\"type\":1}},\"activeSectionIndex\":0,\"defaultDrillFilterOtherVisuals\":true,\"linguisticSchemaSyncVersion\":2,\"settings\":{\"useStylableVisualContainerHeader\":true,\"allowChangeFilterTypes\":true,\"useEnhancedTooltips\":true,\"useDefaultAggregateDisplayName\":true},\"objects\":{\"section\":[{\"properties\":{\"verticalAlignment\":{\"expr\":{\"Literal\":{\"Value\":\"'Top'\"}}}}}],\"outspacePane\":[{\"properties\":{\"expanded\":{\"expr\":{\"Literal\":{\"Value\":\"false\"}}}}}]}}",
  "layoutOptimization": 0,
  "resourcePackages": [
    {
      "resourcePackage": {
        "disabled": false,
        "items": [
          {
            "name": "Accessible_Orchid7929922611562745.json",
            "path": "Accessible_Orchid7929922611562745.json",
            "type": 201
          },
          {
            "name": "AdventureWorksLogo813982383943191.jpg",
            "path": "AdventureWorksLogo813982383943191.jpg",
            "type": 100
          }
        ],
        "name": "RegisteredResources",
        "type": 1
      }
    },
    {
      "resourcePackage": {
        "disabled": false,
        "items": [
          {
            "name": "CY24SU10",
            "path": "BaseThemes/CY24SU10.json",
            "type": 202
          }
        ],
        "name": "SharedResources",
        "type": 2
      }
    }
  ],
  "sections": [
    {
      "config": "{\"visibility\":0,\"type\":0}",
      "displayName": "Page 1",
      "displayOption": 1,
      "height": 720.00,
      "name": "2d68da32837bde277801",
      "visualContainers": [
        {
          "config": "{\"name\":\"0a8d3e21599fd61ed54e\",\"layouts\":[{\"id\":0,\"position\":{\"x\":230,\"y\":53.33333333333333,\"z\":1000,\"width\":454.44444444444446,\"height\":360,\"tabOrder\":1000}}],\"singleVisual\":{\"visualType\":\"donutChart\",\"projections\":{\"Category\":[{\"queryRef\":\"Product.Category\",\"active\":true}],\"Y\":[{\"queryRef\":\"Sales.Profit\"}]},\"prototypeQuery\":{\"Version\":2,\"From\":[{\"Name\":\"s\",\"Entity\":\"Sales\",\"Type\":0},{\"Name\":\"p\",\"Entity\":\"Product\",\"Type\":0}],\"Select\":[{\"Column\":{\"Expression\":{\"SourceRef\":{\"Source\":\"p\"}},\"Property\":\"Category\"},\"Name\":\"Product.Category\",\"NativeReferenceName\":\"Category\"},{\"Measure\":{\"Expression\":{\"SourceRef\":{\"Source\":\"s\"}},\"Property\":\"Profit\"},\"Name\":\"Sales.Profit\",\"NativeReferenceName\":\"Profit\"}],\"OrderBy\":[{\"Direction\":2,\"Expression\":{\"Measure\":{\"Expression\":{\"SourceRef\":{\"Source\":\"s\"}},\"Property\":\"Profit\"}}}]},\"drillFilterOtherVisuals\":true,\"hasDefaultSort\":true}}",
          "filters": "[]",
          "height": 360.00,
          "width": 454.44,
          "x": 230.00,
          "y": 53.33,
          "z": 1000.00
        },
        {
          "config": "{\"name\":\"93bdcdb644affb2573d1\",\"layouts\":[{\"id\":0,\"position\":{\"x\":0,\"y\":52.24630834435656,\"z\":1001,\"width\":230.1325486596658,\"height\":228.8885889371811,\"tabOrder\":2001}}],\"singleVisual\":{\"visualType\":\"image\",\"drillFilterOtherVisuals\":true,\"objects\":{\"general\":[{\"properties\":{\"imageUrl\":{\"expr\":{\"ResourcePackageItem\":{\"PackageName\":\"RegisteredResources\",\"PackageType\":1,\"ItemName\":\"AdventureWorksLogo813982383943191.jpg\"}}}}}]}},\"howCreated\":\"InsertVisualButton\"}",
          "filters": "[]",
          "height": 228.89,
          "width": 230.13,
          "x": 0.00,
          "y": 52.25,
          "z": 1001.00
        },
        {
          "config": "{\"name\":\"c3636e7d712da35c46aa\",\"layouts\":[{\"id\":0,\"position\":{\"x\":734.2857142857143,\"y\":52.85714285714286,\"z\":0,\"width\":454.28571428571433,\"height\":360,\"tabOrder\":2000}}],\"singleVisual\":{\"visualType\":\"tableEx\",\"projections\":{\"Values\":[{\"queryRef\":\"US Population.State\"},{\"queryRef\":\"US Population.Population\"},{\"queryRef\":\"Sales.Sales per Capita\"},{\"queryRef\":\"Sum(Sales.Sales)\"}]},\"prototypeQuery\":{\"Version\":2,\"From\":[{\"Name\":\"s\",\"Entity\":\"Sales\",\"Type\":0},{\"Name\":\"u\",\"Entity\":\"US Population\",\"Type\":0}],\"Select\":[{\"Column\":{\"Expression\":{\"SourceRef\":{\"Source\":\"u\"}},\"Property\":\"Population\"},\"Name\":\"US Population.Population\",\"NativeReferenceName\":\"Population\"},{\"Measure\":{\"Expression\":{\"SourceRef\":{\"Source\":\"s\"}},\"Property\":\"Sales per Capita\"},\"Name\":\"Sales.Sales per Capita\",\"NativeReferenceName\":\"Sales per Capita\"},{\"Aggregation\":{\"Expression\":{\"Column\":{\"Expression\":{\"SourceRef\":{\"Source\":\"s\"}},\"Property\":\"Sales\"}},\"Function\":0},\"Name\":\"Sum(Sales.Sales)\",\"NativeReferenceName\":\"Sum of Sales\"},{\"Column\":{\"Expression\":{\"SourceRef\":{\"Source\":\"u\"}},\"Property\":\"State\"},\"Name\":\"US Population.State\",\"NativeReferenceName\":\"State\"}],\"OrderBy\":[{\"Direction\":2,\"Expression\":{\"Measure\":{\"Expression\":{\"SourceRef\":{\"Source\":\"s\"}},\"Property\":\"Sales per Capita\"}}}]},\"drillFilterOtherVisuals\":true}}",
          "filters": "[]",
          "height": 360.00,
          "width": 454.29,
          "x": 734.29,
          "y": 52.86,
          "z": 0.00
        }
      ],
      "width": 1280.00
    }
  ],
  "theme": "Accessible_Orchid7929922611562745.json"
}